,precision,recall,f1-score,support
0,0.9363579080025205,0.817831590533847,0.8730904817861339,1817.0
1,0.5678851174934726,0.8115671641791045,0.6682027649769585,536.0
accuracy,0.8164045898852529,0.8164045898852529,0.8164045898852529,0.8164045898852529
macro avg,0.7521215127479965,0.8146993773564757,0.7706466233815462,2353.0
weighted avg,0.8524219047246413,0.8164045898852529,0.8264182267033809,2353.0
