,age,balance,housing,loan,day_of_week,duration,campaign,pdays,previous,y
count,5489.0,5489.0,5489.0,5489.0,5489.0,5489.0,5489.0,5489.0,5489.0,5489.0
mean,40.909637456731645,1569.6984878848607,0.6287119693933321,0.13955183093459647,14.357988704682091,255.45035525596649,2.06449262160685,222.15849881581346,3.1676079431590454,0.2277281836400073
std,11.358820792639369,3188.9233767021856,0.4831932989438533,0.34655302243468983,7.925532054356009,232.1659708751463,1.5480149055969348,111.60808253157911,4.966942481935761,0.41940446342995585
min,18.0,-1884.0,0.0,0.0,1.0,6.0,1.0,1.0,1.0,0.0
25%,32.0,159.0,0.0,0.0,7.0,111.0,1.0,131.0,1.0,0.0
50%,38.0,589.0,1.0,0.0,14.0,188.0,2.0,192.0,2.0,0.0
75%,48.0,1731.0,1.0,0.0,20.0,317.0,2.0,326.0,4.0,0.0
max,89.0,81204.0,1.0,1.0,31.0,2184.0,14.0,854.0,275.0,1.0
